,STATE,FEC_ID,Candidate_Name,Candidate_Votes,Capped_Num_State_EC_Votes,UnCapped_Num_State_EC_Votes,Capped_EC_Standard,Capped_EC_NE_Candidate_Vote,Capped_EC_Full_Candidate_Vote,UnCapped_EC_Standard,UnCapped_EC_NE_Candidate_Vote,UnCapped_EC_Full_Candidate_Vote
0,Alabama,P80003353,Romney; Mitt,1255925,9.0,162.0,9.0,6.0,5.0,162.0,99.0,98.0
1,Alabama,P80003338,Obama; Barack,795696,9.0,162.0,0.0,3.0,4.0,0.0,62.0,62.0
2,Alabama,P20002671,Johnson; Gary,12328,9.0,162.0,0.0,0.0,0.0,0.0,1.0,1.0
3,Alabama,n/a,Scattered,4011,9.0,162.0,0.0,0.0,0.0,0.0,0.0,1.0
4,Alabama,P20003984,Stein; Jill,3397,9.0,162.0,0.0,0.0,0.0,0.0,0.0,0.0
5,Alabama,P20004685,Goode; Virgil H.; Jr.,2981,9.0,162.0,0.0,0.0,0.0,0.0,0.0,0.0
6,Alaska,P80003353,Romney; Mitt,164676,3.0,26.0,3.0,3.0,2.0,26.0,15.0,14.0
7,Alaska,P80003338,Obama; Barack,122640,3.0,26.0,0.0,0.0,1.0,0.0,10.0,11.0
8,Alaska,P20002671,Johnson; Gary,7392,3.0,26.0,0.0,0.0,0.0,0.0,1.0,1.0
9,Alaska,P20003984,Stein; Jill,2917,3.0,26.0,0.0,0.0,0.0,0.0,0.0,0.0
10,Alaska,n/a,Scattered,2870,3.0,26.0,0.0,0.0,0.0,0.0,0.0,0.0
11,Arizona,P80003353,Romney; Mitt,1233654,11.0,215.0,11.0,7.0,6.0,215.0,116.0,115.0
12,Arizona,P80003338,Obama; Barack,1025232,11.0,215.0,0.0,4.0,5.0,0.0,95.0,96.0
13,Arizona,P20002671,Johnson; Gary,32100,11.0,215.0,0.0,0.0,0.0,0.0,3.0,3.0
14,Arizona,P20003984,Stein; Jill,7816,11.0,215.0,0.0,0.0,0.0,0.0,1.0,1.0
15,Arizona,P20004685,Goode; Virgil,289,11.0,215.0,0.0,0.0,0.0,0.0,0.0,0.0
16,Arizona,P20004263,"""""""Anderson; Ross C. """"""""Rocky""""""""""""""",119,11.0,215.0,0.0,0.0,0.0,0.0,0.0,0.0
17,Arizona,P20003208,Reed; Jill,17,11.0,215.0,0.0,0.0,0.0,0.0,0.0,0.0
18,Arizona,P20005245,Christensen; Will,14,11.0,215.0,0.0,0.0,0.0,0.0,0.0,0.0
19,Arizona,P20002218,Knill; Dennis,7,11.0,215.0,0.0,0.0,0.0,0.0,0.0,0.0
20,Arizona,P20002630,"""""""Tittle; Sheila """"""""Samm""""""""""""""",6,11.0,215.0,0.0,0.0,0.0,0.0,0.0,0.0
21,Arkansas,P80003353,Romney; Mitt,647744,6.0,99.0,6.0,4.0,4.0,99.0,61.0,60.0
22,Arkansas,P80003338,Obama; Barack,394409,6.0,99.0,0.0,2.0,2.0,0.0,36.0,37.0
23,Arkansas,P20002671,Johnson; Gary,16276,6.0,99.0,0.0,0.0,0.0,0.0,1.0,1.0
24,Arkansas,P20003984,Stein; Jill,9305,6.0,99.0,0.0,0.0,0.0,0.0,1.0,1.0
25,Arkansas,P20004636,Lindsay; Peta,1734,6.0,99.0,0.0,0.0,0.0,0.0,0.0,0.0
26,California,P80003338,Obama; Barack,7854285,55.0,1246.0,55.0,34.0,33.0,1246.0,751.0,751.0
27,California,P80003353,Romney; Mitt,4839958,55.0,1246.0,0.0,20.0,21.0,0.0,462.0,462.0
28,California,P20002671,Johnson; Gary,143221,55.0,1246.0,0.0,1.0,1.0,0.0,14.0,14.0
29,California,P20003984,Stein; Jill,85638,55.0,1246.0,0.0,0.0,0.0,0.0,8.0,8.0
30,California,P20002804,Barr; Roseanne,53824,55.0,1246.0,0.0,0.0,0.0,0.0,5.0,5.0
31,California,P20005260,Hoefling; Thomas,38372,55.0,1246.0,0.0,0.0,0.0,0.0,4.0,4.0
32,California,P80000748,Paul; Ron,21461,55.0,1246.0,0.0,0.0,0.0,0.0,2.0,2.0
33,California,P20004263,"""""""Anderson; Ross C. """"""""Rocky""""""""""""""",992,55.0,1246.0,0.0,0.0,0.0,0.0,0.0,0.0
34,California,P20004685,Goode; Virgil,503,55.0,1246.0,0.0,0.0,0.0,0.0,0.0,0.0
35,California,P20003968,Alexander; Stewart,82,55.0,1246.0,0.0,0.0,0.0,0.0,0.0,0.0
36,California,P20004677,White; Jerry,79,55.0,1246.0,0.0,0.0,0.0,0.0,0.0,0.0
37,California,P60004454,Harris; James,72,55.0,1246.0,0.0,0.0,0.0,0.0,0.0,0.0
38,California,P20004651,Durham; Stephen,54,55.0,1246.0,0.0,0.0,0.0,0.0,0.0,0.0
39,California,P20002630,"""""""Tittle; Sheila """"""""Samm""""""""""""""",6,55.0,1246.0,0.0,0.0,0.0,0.0,0.0,0.0
40,Colorado,P80003338,Obama; Barack,1323102,9.0,170.0,9.0,6.0,5.0,170.0,89.0,88.0
41,Colorado,P80003353,Romney; Mitt,1185243,9.0,170.0,0.0,3.0,4.0,0.0,78.0,79.0
42,Colorado,P20002671,Johnson; Gary,35545,9.0,170.0,0.0,0.0,0.0,0.0,2.0,2.0
43,Colorado,P20003984,Stein; Jill,7508,9.0,170.0,0.0,0.0,0.0,0.0,1.0,1.0
44,Colorado,P20004685,Goode; Virgil H.; Jr.,6234,9.0,170.0,0.0,0.0,0.0,0.0,0.0,0.0
45,Colorado,P20002804,Barr; Roseanne,5059,9.0,170.0,0.0,0.0,0.0,0.0,0.0,0.0
46,Colorado,P20003208,Reed; Jill,2589,9.0,170.0,0.0,0.0,0.0,0.0,0.0,0.0
47,Colorado,P20004263,"""""""Anderson; Ross C. """"""""Rocky""""""""""""""",1260,9.0,170.0,0.0,0.0,0.0,0.0,0.0,0.0
48,Colorado,P20002630,"""""""Tittle; Sheila """"""""Samm""""""""""""""",792,9.0,170.0,0.0,0.0,0.0,0.0,0.0,0.0
49,Colorado,P20005260,Hoefling; Tom,679,9.0,170.0,0.0,0.0,0.0,0.0,0.0,0.0
50,Colorado,P80005572,La Riva; Gloria,317,9.0,170.0,0.0,0.0,0.0,0.0,0.0,0.0
51,Colorado,P20003968,Alexander; Stewart,308,9.0,170.0,0.0,0.0,0.0,0.0,0.0,0.0
52,Colorado,P20004693,Miller; Merlin,266,9.0,170.0,0.0,0.0,0.0,0.0,0.0,0.0
53,Colorado,P80005655,Stevens; Thomas Robert,235,9.0,170.0,0.0,0.0,0.0,0.0,0.0,0.0
54,Colorado,P60004454,Harris; James,192,9.0,170.0,0.0,0.0,0.0,0.0,0.0,0.0
55,Colorado,P20004677,White; Jerry,189,9.0,170.0,0.0,0.0,0.0,0.0,0.0,0.0
56,Colorado,P20002424,Terry; Randall,4,9.0,170.0,0.0,0.0,0.0,0.0,0.0,0.0
57,Connecticut,P80003338,Obama; Barack,905083,7.0,121.0,7.0,5.0,4.0,121.0,71.0,70.0
58,Connecticut,P80003353,Romney; Mitt,634892,7.0,121.0,0.0,2.0,3.0,0.0,49.0,49.0
59,Connecticut,P20002671,Johnson; Gary,12580,7.0,121.0,0.0,0.0,0.0,0.0,1.0,1.0
60,Connecticut,P20004263,"""""""Anderson; Ross C. """"""""Rocky""""""""""""""",5487,7.0,121.0,0.0,0.0,0.0,0.0,0.0,1.0
61,Connecticut,P20003984,Stein; Jill,863,7.0,121.0,0.0,0.0,0.0,0.0,0.0,0.0
62,Connecticut,P20005260,Hoefling; Tom,25,7.0,121.0,0.0,0.0,0.0,0.0,0.0,0.0
63,Connecticut,n/a,Warner; Gerald,19,7.0,121.0,0.0,0.0,0.0,0.0,0.0,0.0
64,Connecticut,P60004454,Harris; James E.,5,7.0,121.0,0.0,0.0,0.0,0.0,0.0,0.0
65,Connecticut,n/a,Sizemore; Raymond,5,7.0,121.0,0.0,0.0,0.0,0.0,0.0,0.0
66,Connecticut,P20004651,Durham; Stephen,1,7.0,121.0,0.0,0.0,0.0,0.0,0.0,0.0
67,Delaware,P80003338,Obama; Barack,242584,3.0,32.0,3.0,3.0,2.0,32.0,20.0,19.0
68,Delaware,P80003353,Romney; Mitt,165484,3.0,32.0,0.0,0.0,1.0,0.0,12.0,13.0
69,Delaware,P20002671,Johnson; Gary,3882,3.0,32.0,0.0,0.0,0.0,0.0,0.0,0.0
70,Delaware,P20003984,Stein; Jill,1940,3.0,32.0,0.0,0.0,0.0,0.0,0.0,0.0
71,Delaware,P20004685,Goode; Virgil,23,3.0,32.0,0.0,0.0,0.0,0.0,0.0,0.0
72,Delaware,P20005260,Hoefling; Tom,7,3.0,32.0,0.0,0.0,0.0,0.0,0.0,0.0
73,Delaware,P20003208,Reed; Jill,1,3.0,32.0,0.0,0.0,0.0,0.0,0.0,0.0
74,District of Columbia,P80003338,Obama; Barack,267070,3.0,20.0,3.0,3.0,3.0,20.0,19.0,18.0
75,District of Columbia,P80003353,Romney; Mitt,21381,3.0,20.0,0.0,0.0,0.0,0.0,1.0,2.0
76,District of Columbia,P20003984,Stein; Jill,2458,3.0,20.0,0.0,0.0,0.0,0.0,0.0,0.0
77,District of Columbia,P20002671,Johnson; Gary,2083,3.0,20.0,0.0,0.0,0.0,0.0,0.0,0.0
78,District of Columbia,n/a,Scattered,772,3.0,20.0,0.0,0.0,0.0,0.0,0.0,0.0
79,Florida,P80003338,Obama; Barack,4237756,29.0,632.0,29.0,16.0,15.0,632.0,317.0,316.0
80,Florida,P80003353,Romney; Mitt,4163447,29.0,632.0,0.0,13.0,14.0,0.0,310.0,311.0
81,Florida,P20002671,Johnson; Gary,44726,29.0,632.0,0.0,0.0,0.0,0.0,3.0,3.0
82,Florida,P20003984,Stein; Jill,8947,29.0,632.0,0.0,0.0,0.0,0.0,1.0,1.0
83,Florida,P20002804,Barr; Roseanne,8154,29.0,632.0,0.0,0.0,0.0,0.0,1.0,1.0
84,Florida,P80005655,Stevens; Thomas Robert,3856,29.0,632.0,0.0,0.0,0.0,0.0,0.0,0.0
85,Florida,P20004685,Goode; Virgil H.; Jr.,2607,29.0,632.0,0.0,0.0,0.0,0.0,0.0,0.0
86,Florida,P20004263,"""""""Anderson; Ross C. """"""""Rocky""""""""""""""",1754,29.0,632.0,0.0,0.0,0.0,0.0,0.0,0.0
87,Florida,P20005260,Hoefling; Tom,946,29.0,632.0,0.0,0.0,0.0,0.0,0.0,0.0
88,Florida,P20002697,Barnett; Andre,820,29.0,632.0,0.0,0.0,0.0,0.0,0.0,0.0
89,Florida,P20003968,Alexander; Stewart,799,29.0,632.0,0.0,0.0,0.0,0.0,0.0,0.0
90,Florida,P20004636,Lindsay; Peta,322,29.0,632.0,0.0,0.0,0.0,0.0,0.0,0.0
91,Florida,P20003208,Reed; Jill,36,29.0,632.0,0.0,0.0,0.0,0.0,0.0,0.0
92,Florida,P20005252,Duncan; Richard,3,29.0,632.0,0.0,0.0,0.0,0.0,0.0,0.0
93,Florida,P20004651,Durham; Stephen G.,3,29.0,632.0,0.0,0.0,0.0,0.0,0.0,0.0
94,Florida,P20002648,Magee; Erin Kent,2,29.0,632.0,0.0,0.0,0.0,0.0,0.0,0.0
95,Florida,n/a,Coniglio; Andrew Charles,1,29.0,632.0,0.0,0.0,0.0,0.0,0.0,0.0
96,Georgia,P80003353,Romney; Mitt,2078688,16.0,326.0,16.0,10.0,9.0,326.0,175.0,174.0
97,Georgia,P80003338,Obama; Barack,1773827,16.0,326.0,0.0,6.0,7.0,0.0,147.0,148.0
98,Georgia,P20002671,Johnson; Gary,45324,16.0,326.0,0.0,0.0,0.0,0.0,4.0,4.0
99,Georgia,P20003984,Stein; Jill,1516,16.0,326.0,0.0,0.0,0.0,0.0,0.0,0.0
100,Georgia,P20004685,Goode; Virgil,432,16.0,326.0,0.0,0.0,0.0,0.0,0.0,0.0
101,Georgia,P20004263,"""""""Anderson; Ross C. """"""""Rocky""""""""""""""",154,16.0,326.0,0.0,0.0,0.0,0.0,0.0,0.0
102,Georgia,P20002903,Hykes; Darrell,55,16.0,326.0,0.0,0.0,0.0,0.0,0.0,0.0
103,Georgia,n/a,Reid; Jill,30,16.0,326.0,0.0,0.0,0.0,0.0,0.0,0.0
104,Georgia,P60004454,Harris; James,21,16.0,326.0,0.0,0.0,0.0,0.0,0.0,0.0
105,Georgia,n/a,Byrne; David C.,2,16.0,326.0,0.0,0.0,0.0,0.0,0.0,0.0
106,Georgia,P20002648,Magee; Erin Kent,1,16.0,326.0,0.0,0.0,0.0,0.0,0.0,0.0
107,Hawaii,P80003338,Obama; Barack,306658,4.0,47.0,4.0,3.0,3.0,47.0,34.0,33.0
108,Hawaii,P80003353,Romney; Mitt,121015,4.0,47.0,0.0,1.0,1.0,0.0,13.0,13.0
109,Hawaii,P20002671,Johnson; Gary,3840,4.0,47.0,0.0,0.0,0.0,0.0,0.0,1.0
110,Hawaii,P20003984,Stein; Jill,3184,4.0,47.0,0.0,0.0,0.0,0.0,0.0,0.0
111,Idaho,P80003353,Romney; Mitt,420911,4.0,54.0,4.0,3.0,3.0,54.0,36.0,35.0
112,Idaho,P80003338,Obama; Barack,212787,4.0,54.0,0.0,1.0,1.0,0.0,17.0,18.0
113,Idaho,P20002671,Johnson; Gary,9453,4.0,54.0,0.0,0.0,0.0,0.0,1.0,1.0
114,Idaho,P20003984,Stein; Jill,4402,4.0,54.0,0.0,0.0,0.0,0.0,0.0,0.0
115,Idaho,P20004263,"""""""Anderson; Ross C. """"""""Rocky""""""""""""""",2499,4.0,54.0,0.0,0.0,0.0,0.0,0.0,0.0
116,Idaho,P20004685,Goode; Virgil H.,2222,4.0,54.0,0.0,0.0,0.0,0.0,0.0,0.0
117,Illinois,P80003338,Obama; Barack,3019512,20.0,430.0,20.0,13.0,12.0,430.0,249.0,248.0
118,Illinois,P80003353,Romney; Mitt,2135216,20.0,430.0,0.0,7.0,8.0,0.0,174.0,175.0
119,Illinois,P20002671,Johnson; Gary,56229,20.0,430.0,0.0,0.0,0.0,0.0,5.0,5.0
120,Illinois,P20003984,Stein; Jill,30222,20.0,430.0,0.0,0.0,0.0,0.0,2.0,2.0
121,Illinois,P20004685,Goode; Virgil / Clymer; Jim,233,20.0,430.0,0.0,0.0,0.0,0.0,0.0,0.0
122,Illinois,P20004263,"""""""Anderson; Ross C. """"""""Rocky""""""""""""""",185,20.0,430.0,0.0,0.0,0.0,0.0,0.0,0.0
123,Illinois,P20004685,Goode; Virgil,182,20.0,430.0,0.0,0.0,0.0,0.0,0.0,0.0
124,Illinois,P20003208,Reed; Jill,121,20.0,430.0,0.0,0.0,0.0,0.0,0.0,0.0
125,Illinois,P20005260,Hoefling; Tom,22,20.0,430.0,0.0,0.0,0.0,0.0,0.0,0.0
126,Illinois,P20004974,Hawkins; Michael,16,20.0,430.0,0.0,0.0,0.0,0.0,0.0,0.0
127,Illinois,n/a,Cary; Tom,14,20.0,430.0,0.0,0.0,0.0,0.0,0.0,0.0
128,Illinois,P20003208,Reed; Jill / Cary; Tom,10,20.0,430.0,0.0,0.0,0.0,0.0,0.0,0.0
129,Illinois,P20004677,White; Jerry,8,20.0,430.0,0.0,0.0,0.0,0.0,0.0,0.0
130,Illinois,P20003836,Roth; Cecil,5,20.0,430.0,0.0,0.0,0.0,0.0,0.0,0.0
131,Illinois,n/a,Scherrer; Phyllis,5,20.0,430.0,0.0,0.0,0.0,0.0,0.0,0.0
132,Illinois,n/a,Clymer; Jim,4,20.0,430.0,0.0,0.0,0.0,0.0,0.0,0.0
133,Illinois,n/a,Prokopich; Barbara,4,20.0,430.0,0.0,0.0,0.0,0.0,0.0,0.0
134,Illinois,P20004677,White; Jerry / Scherrer; Phyllis,4,20.0,430.0,0.0,0.0,0.0,0.0,0.0,0.0
135,Illinois,P20005260,Hoefling; Tom / Ellis; Jonathan,3,20.0,430.0,0.0,0.0,0.0,0.0,0.0,0.0
136,Illinois,P20002218,Knill; Dennis,3,20.0,430.0,0.0,0.0,0.0,0.0,0.0,0.0
137,Illinois,n/a,Tyree; Roy Wayne,3,20.0,430.0,0.0,0.0,0.0,0.0,0.0,0.0
138,Illinois,P20002580,Chehade; Paul,2,20.0,430.0,0.0,0.0,0.0,0.0,0.0,0.0
139,Illinois,P20002580,Chehade; Paul / McAllister; Steve,2,20.0,430.0,0.0,0.0,0.0,0.0,0.0,0.0
140,Illinois,P20004651,Durham; Stephen / Lopez; Christina,2,20.0,430.0,0.0,0.0,0.0,0.0,0.0,0.0
141,Illinois,n/a,Maxwell; Lynn,2,20.0,430.0,0.0,0.0,0.0,0.0,0.0,0.0
142,Illinois,n/a,Struck; James T.,2,20.0,430.0,0.0,0.0,0.0,0.0,0.0,0.0
143,Illinois,P20004651,Durham; Stephen,1,20.0,430.0,0.0,0.0,0.0,0.0,0.0,0.0
144,Illinois,n/a,Ellis; Jonathan,1,20.0,430.0,0.0,0.0,0.0,0.0,0.0,0.0
145,Illinois,n/a,Frost; Stephen James,1,20.0,430.0,0.0,0.0,0.0,0.0,0.0,0.0
146,Indiana,P80003353,Romney; Mitt,1420543,11.0,218.0,11.0,7.0,6.0,218.0,119.0,118.0
147,Indiana,P80003338,Obama; Barack,1152887,11.0,218.0,0.0,4.0,5.0,0.0,95.0,96.0
148,Indiana,P20002671,Johnson; Gary,50111,11.0,218.0,0.0,0.0,0.0,0.0,4.0,4.0
149,Indiana,P20003984,Stein; Jill,625,11.0,218.0,0.0,0.0,0.0,0.0,0.0,0.0
150,Indiana,P20004685,Goode; Virgil H.; Jr.,290,11.0,218.0,0.0,0.0,0.0,0.0,0.0,0.0
151,Indiana,P20005260,Hoefling; Tom,35,11.0,218.0,0.0,0.0,0.0,0.0,0.0,0.0
152,Indiana,P20003968,Alexander; Stewart,17,11.0,218.0,0.0,0.0,0.0,0.0,0.0,0.0
153,Indiana,P20003208,Reed; Jill,8,11.0,218.0,0.0,0.0,0.0,0.0,0.0,0.0
154,Indiana,P20002424,Terry; Randall A.,8,11.0,218.0,0.0,0.0,0.0,0.0,0.0,0.0
155,Indiana,P20002218,Knill; Dennis,7,11.0,218.0,0.0,0.0,0.0,0.0,0.0,0.0
156,Indiana,P20002499,Dummett; John A.; Jr.,2,11.0,218.0,0.0,0.0,0.0,0.0,0.0,0.0
157,Indiana,P20004669,Lopez; Christina,1,11.0,218.0,0.0,0.0,0.0,0.0,0.0,0.0
158,Iowa,P80003338,Obama; Barack,822544,6.0,103.0,6.0,4.0,3.0,103.0,55.0,54.0
159,Iowa,P80003353,Romney; Mitt,730617,6.0,103.0,0.0,2.0,3.0,0.0,47.0,48.0
160,Iowa,P20002671,Johnson; Gary,12926,6.0,103.0,0.0,0.0,0.0,0.0,1.0,1.0
161,Iowa,n/a,Scattered,7442,6.0,103.0,0.0,0.0,0.0,0.0,0.0,0.0
162,Iowa,P20003984,Stein; Jill,3769,6.0,103.0,0.0,0.0,0.0,0.0,0.0,0.0
163,Iowa,P20004685,Goode; Virgil,3038,6.0,103.0,0.0,0.0,0.0,0.0,0.0,0.0
164,Iowa,P20005278,Litzel; Jerry,1027,6.0,103.0,0.0,0.0,0.0,0.0,0.0,0.0
165,Iowa,P60004454,Harris; James,445,6.0,103.0,0.0,0.0,0.0,0.0,0.0,0.0
166,Iowa,P80005572,La Riva; Gloria,372,6.0,103.0,0.0,0.0,0.0,0.0,0.0,0.0
167,Kansas,P80003353,Romney; Mitt,692634,6.0,97.0,6.0,4.0,4.0,97.0,59.0,58.0
168,Kansas,P80003338,Obama; Barack,440726,6.0,97.0,0.0,2.0,2.0,0.0,36.0,37.0
169,Kansas,P20002671,Johnson; Gary,20456,6.0,97.0,0.0,0.0,0.0,0.0,2.0,2.0
170,Kansas,P80005499,Baldwin; Chuck,5017,6.0,97.0,0.0,0.0,0.0,0.0,0.0,0.0
171,Kansas,P20003984,Stein; Jill E.,714,6.0,97.0,0.0,0.0,0.0,0.0,0.0,0.0
172,Kansas,P20004685,Goode; Virgil,187,6.0,97.0,0.0,0.0,0.0,0.0,0.0,0.0
173,Kansas,P20004263,"""""""Anderson; Ross """"""""Rocky"""""""" C.""""""",95,6.0,97.0,0.0,0.0,0.0,0.0,0.0,0.0
174,Kansas,P20002804,Barr; Roseanne C.,58,6.0,97.0,0.0,0.0,0.0,0.0,0.0,0.0
175,Kansas,n/a,Bush; Kent W.,48,6.0,97.0,0.0,0.0,0.0,0.0,0.0,0.0
176,Kansas,P20002697,Barnett; Andre,19,6.0,97.0,0.0,0.0,0.0,0.0,0.0,0.0
177,Kansas,P20005260,Hoefling; Tom,12,6.0,97.0,0.0,0.0,0.0,0.0,0.0,0.0
178,Kansas,P20003208,Reed; Jill A.,4,6.0,97.0,0.0,0.0,0.0,0.0,0.0,0.0
179,Kansas,P20005245,Christensen; Will,1,6.0,97.0,0.0,0.0,0.0,0.0,0.0,0.0
180,Kentucky,P80003353,Romney; Mitt,1087190,8.0,147.0,8.0,6.0,5.0,147.0,90.0,89.0
181,Kentucky,P80003338,Obama; Barack,679370,8.0,147.0,0.0,2.0,3.0,0.0,55.0,56.0
182,Kentucky,P20002671,Johnson; Gary,17063,8.0,147.0,0.0,0.0,0.0,0.0,1.0,1.0
183,Kentucky,P20002424,Terry; Randall A.,6872,8.0,147.0,0.0,0.0,0.0,0.0,1.0,1.0
184,Kentucky,P20003984,Stein; Jill,6337,8.0,147.0,0.0,0.0,0.0,0.0,0.0,0.0
185,Kentucky,P20004685,Goode; Virgil,245,8.0,147.0,0.0,0.0,0.0,0.0,0.0,0.0
186,Kentucky,P20004263,"""""""Anderson; Ross C. """"""""Rocky""""""""""""""",60,8.0,147.0,0.0,0.0,0.0,0.0,0.0,0.0
187,Kentucky,P20005252,Duncan; Richard,37,8.0,147.0,0.0,0.0,0.0,0.0,0.0,0.0
188,Kentucky,P20005260,Hoefling; Tom,30,8.0,147.0,0.0,0.0,0.0,0.0,0.0,0.0
189,Kentucky,P20004677,White; Jerry,4,8.0,147.0,0.0,0.0,0.0,0.0,0.0,0.0
190,Kentucky,P20004651,Durham; Stephen,2,8.0,147.0,0.0,0.0,0.0,0.0,0.0,0.0
191,Kentucky,n/a,House; Louis Todd,1,8.0,147.0,0.0,0.0,0.0,0.0,0.0,0.0
192,Kentucky,P20002218,Knill; Dennis,1,8.0,147.0,0.0,0.0,0.0,0.0,0.0,0.0
193,Louisiana,P80003353,Romney; Mitt,1152262,8.0,153.0,8.0,6.0,5.0,153.0,89.0,89.0
194,Louisiana,P80003338,Obama; Barack,809141,8.0,153.0,0.0,2.0,3.0,0.0,61.0,62.0
195,Louisiana,P20002671,Johnson; Gary,18157,8.0,153.0,0.0,0.0,0.0,0.0,2.0,1.0
196,Louisiana,P20003984,Stein; Jill,6978,8.0,153.0,0.0,0.0,0.0,0.0,1.0,1.0
197,Louisiana,P20004685,Goode; Virgil,2508,8.0,153.0,0.0,0.0,0.0,0.0,0.0,0.0
198,Louisiana,P20002630,Tittle; Sheila,1767,8.0,153.0,0.0,0.0,0.0,0.0,0.0,0.0
199,Louisiana,P20004263,Anderson; Ross,1368,8.0,153.0,0.0,0.0,0.0,0.0,0.0,0.0
200,Louisiana,P20004636,Lindsay; Peta,622,8.0,153.0,0.0,0.0,0.0,0.0,0.0,0.0
201,Louisiana,P20000089,Fellure; Jack,518,8.0,153.0,0.0,0.0,0.0,0.0,0.0,0.0
202,Louisiana,P60004454,Harris; James,389,8.0,153.0,0.0,0.0,0.0,0.0,0.0,0.0
203,Louisiana,P20004677,White; Jerry,355,8.0,153.0,0.0,0.0,0.0,0.0,0.0,0.0
204,Maine,P80003338,Obama; Barack,401306,4.0,46.0,4.0,3.0,2.0,46.0,27.0,26.0
205,Maine,P80003353,Romney; Mitt,292276,4.0,46.0,0.0,1.0,2.0,0.0,18.0,19.0
206,Maine,P20002671,Johnson; Gary E.,9352,4.0,46.0,0.0,0.0,0.0,0.0,1.0,1.0
207,Maine,P20003984,Stein; Jill,8119,4.0,46.0,0.0,0.0,0.0,0.0,0.0,0.0
208,Maine,P80000748,Paul; Ronald E.,2035,4.0,46.0,0.0,0.0,0.0,0.0,0.0,0.0
209,Maine,P20004263,Anderson; Ross C.,62,4.0,46.0,0.0,0.0,0.0,0.0,0.0,0.0
210,Maine,P20003208,Reed; Jill Ann,30,4.0,46.0,0.0,0.0,0.0,0.0,0.0,0.0
211,Maryland,P80003338,Obama; Barack,1677844,10.0,194.0,10.0,7.0,6.0,194.0,121.0,120.0
212,Maryland,P80003353,Romney; Mitt,971869,10.0,194.0,0.0,3.0,4.0,0.0,69.0,70.0
213,Maryland,P20002671,Johnson; Gary,30195,10.0,194.0,0.0,0.0,0.0,0.0,2.0,2.0
214,Maryland,P20003984,Stein; Jill,17110,10.0,194.0,0.0,0.0,0.0,0.0,1.0,1.0
215,Maryland,n/a,Other,8788,10.0,194.0,0.0,0.0,0.0,0.0,1.0,1.0
216,Maryland,P20005146,Claus; Santa,625,10.0,194.0,0.0,0.0,0.0,0.0,0.0,0.0
217,Maryland,P20004685,Goode; Virgil,418,10.0,194.0,0.0,0.0,0.0,0.0,0.0,0.0
218,Maryland,P20004263,"""""""Anderson; Ross C. """"""""Rocky""""""""""""""",204,10.0,194.0,0.0,0.0,0.0,0.0,0.0,0.0
219,Maryland,P20002804,Barr; Roseanne,64,10.0,194.0,0.0,0.0,0.0,0.0,0.0,0.0
220,Maryland,n/a,Clymer; James,35,10.0,194.0,0.0,0.0,0.0,0.0,0.0,0.0
221,Maryland,P20004693,Miller; Merlin,26,10.0,194.0,0.0,0.0,0.0,0.0,0.0,0.0
222,Maryland,P20002697,Barnett; Andre,19,10.0,194.0,0.0,0.0,0.0,0.0,0.0,0.0
223,Maryland,P20004651,Durham; Stephen,19,10.0,194.0,0.0,0.0,0.0,0.0,0.0,0.0
224,Maryland,P20004750,Briscoe; Tiffany Renee,18,10.0,194.0,0.0,0.0,0.0,0.0,0.0,0.0
225,Maryland,n/a,Lydick; Matthew,18,10.0,194.0,0.0,0.0,0.0,0.0,0.0,0.0
226,Maryland,P20005252,Duncan; Richard,15,10.0,194.0,0.0,0.0,0.0,0.0,0.0,0.0
227,Maryland,P20002580,Chehade; Paul,13,10.0,194.0,0.0,0.0,0.0,0.0,0.0,0.0
228,Maryland,n/a,Dickson; Fred Donald; Jr.,8,10.0,194.0,0.0,0.0,0.0,0.0,0.0,0.0
229,Maryland,P20003869,Crosby; David M.,7,10.0,194.0,0.0,0.0,0.0,0.0,0.0,0.0
230,Maryland,P20002903,Hykes; Darrell,7,10.0,194.0,0.0,0.0,0.0,0.0,0.0,0.0
231,Maryland,P20003208,Reed; Jill,7,10.0,194.0,0.0,0.0,0.0,0.0,0.0,0.0
232,Maryland,n/a,Boyles; Michael David,5,10.0,194.0,0.0,0.0,0.0,0.0,0.0,0.0
233,Maryland,n/a,Keyton; Nelson,3,10.0,194.0,0.0,0.0,0.0,0.0,0.0,0.0
234,Maryland,n/a,French; Dwight Kenneth,2,10.0,194.0,0.0,0.0,0.0,0.0,0.0,0.0
235,Maryland,P20002218,Knill; Dennis,2,10.0,194.0,0.0,0.0,0.0,0.0,0.0,0.0
236,Maryland,n/a,Prokopich; Barbara A.,2,10.0,194.0,0.0,0.0,0.0,0.0,0.0,0.0
237,Maryland,n/a,Dietz; Robert William,1,10.0,194.0,0.0,0.0,0.0,0.0,0.0,0.0
238,Maryland,P20004172,Morstad; Dean,1,10.0,194.0,0.0,0.0,0.0,0.0,0.0,0.0
239,Maryland,P20004149,"""""""O""""""""Hara; Terrance James""""""",1,10.0,194.0,0.0,0.0,0.0,0.0,0.0,0.0
240,Maryland,P20003836,Roth; Cecil James,1,10.0,194.0,0.0,0.0,0.0,0.0,0.0,0.0
241,Massachusetts,P80003338,Obama; Barack,1921290,11.0,220.0,11.0,8.0,7.0,220.0,134.0,133.0
242,Massachusetts,P80003353,Romney; Mitt,1188314,11.0,220.0,0.0,3.0,4.0,0.0,82.0,83.0
243,Massachusetts,P20002671,Johnson; Gary,30920,11.0,220.0,0.0,0.0,0.0,0.0,2.0,2.0
244,Massachusetts,P20003984,Stein; Jill,20691,11.0,220.0,0.0,0.0,0.0,0.0,1.0,1.0
245,Massachusetts,n/a,All Others,6552,11.0,220.0,0.0,0.0,0.0,0.0,1.0,1.0
246,Michigan,P80003338,Obama; Barack,2564569,16.0,332.0,16.0,10.0,9.0,332.0,181.0,180.0
247,Michigan,P80003353,Romney; Mitt,2115256,16.0,332.0,0.0,6.0,7.0,0.0,148.0,148.0
248,Michigan,P20003984,Stein; Jill,21897,16.0,332.0,0.0,0.0,0.0,0.0,1.0,2.0
249,Michigan,P20004685,Goode; Virgil; Jr.,16119,16.0,332.0,0.0,0.0,0.0,0.0,1.0,1.0
250,Michigan,P20002671,Johnson; Gary,7774,16.0,332.0,0.0,0.0,0.0,0.0,1.0,1.0
251,Michigan,P20004263,Anderson; Ross,5147,16.0,332.0,0.0,0.0,0.0,0.0,0.0,0.0
252,Michigan,P20003968,Alexander; Stewart,89,16.0,332.0,0.0,0.0,0.0,0.0,0.0,0.0
253,Michigan,P20004677,White; Jerry,68,16.0,332.0,0.0,0.0,0.0,0.0,0.0,0.0
254,Michigan,P20005260,Hoefling; Tom,42,16.0,332.0,0.0,0.0,0.0,0.0,0.0,0.0
255,Minnesota,P80003338,Obama; Barack,1546167,10.0,179.0,10.0,6.0,5.0,179.0,95.0,94.0
256,Minnesota,P80003353,Romney; Mitt,1320225,10.0,179.0,0.0,4.0,5.0,0.0,80.0,81.0
257,Minnesota,P20002671,Johnson; Gary,35098,10.0,179.0,0.0,0.0,0.0,0.0,2.0,2.0
258,Minnesota,P20003984,Stein; Jill,13023,10.0,179.0,0.0,0.0,0.0,0.0,1.0,1.0
259,Minnesota,n/a,Scattered,10533,10.0,179.0,0.0,0.0,0.0,0.0,1.0,1.0
260,Minnesota,P20004685,Goode; Virgil,3722,10.0,179.0,0.0,0.0,0.0,0.0,0.0,0.0
261,Minnesota,n/a,Carlson; Jim,3149,10.0,179.0,0.0,0.0,0.0,0.0,0.0,0.0
262,Minnesota,P20004263,"""""""Anderson; Ross C. """"""""Rocky""""""""""""""",1996,10.0,179.0,0.0,0.0,0.0,0.0,0.0,0.0
263,Minnesota,P20004172,Morstad; Dean,1092,10.0,179.0,0.0,0.0,0.0,0.0,0.0,0.0
264,Minnesota,P60004454,Harris; James,1051,10.0,179.0,0.0,0.0,0.0,0.0,0.0,0.0
265,Minnesota,P20004636,Lindsay; Peta,397,10.0,179.0,0.0,0.0,0.0,0.0,0.0,0.0
266,Minnesota,P20002804,Barr; Roseanne,46,10.0,179.0,0.0,0.0,0.0,0.0,0.0,0.0
267,Minnesota,n/a,Prokopich; Barbara,35,10.0,179.0,0.0,0.0,0.0,0.0,0.0,0.0
268,Minnesota,P20005260,Hoefling; Tom,14,10.0,179.0,0.0,0.0,0.0,0.0,0.0,0.0
269,Minnesota,P20003208,Reed; Jill,8,10.0,179.0,0.0,0.0,0.0,0.0,0.0,0.0
270,Minnesota,P20002697,Barnett; Andre,4,10.0,179.0,0.0,0.0,0.0,0.0,0.0,0.0
271,Minnesota,P20005245,Christensen; Will,1,10.0,179.0,0.0,0.0,0.0,0.0,0.0,0.0
272,Mississippi,P80003353,Romney; Mitt,710746,6.0,101.0,6.0,4.0,3.0,101.0,57.0,56.0
273,Mississippi,P80003338,Obama; Barack,562949,6.0,101.0,0.0,2.0,3.0,0.0,43.0,44.0
274,Mississippi,P20002671,Johnson; Gary,6676,6.0,101.0,0.0,0.0,0.0,0.0,1.0,1.0
275,Mississippi,P20004685,Goode; Virgil,2609,6.0,101.0,0.0,0.0,0.0,0.0,0.0,0.0
276,Mississippi,P20003984,Stein; Jill A.,1588,6.0,101.0,0.0,0.0,0.0,0.0,0.0,0.0
277,Mississippi,P20005286,Washer; Barbara Dale,1016,6.0,101.0,0.0,0.0,0.0,0.0,0.0,0.0
278,Missouri,P80003353,Romney; Mitt,1482440,10.0,202.0,10.0,6.0,5.0,202.0,109.0,109.0
279,Missouri,P80003338,Obama; Barack,1223796,10.0,202.0,0.0,4.0,5.0,0.0,89.0,90.0
280,Missouri,P20002671,Johnson; Gary,43151,10.0,202.0,0.0,0.0,0.0,0.0,3.0,3.0
281,Missouri,P20004685,Goode; Virgil,7936,10.0,202.0,0.0,0.0,0.0,0.0,1.0,0.0
282,Montana,P80003353,Romney; Mitt,267928,3.0,35.0,3.0,3.0,2.0,35.0,20.0,19.0
283,Montana,P80003338,Obama; Barack,201839,3.0,35.0,0.0,0.0,1.0,0.0,14.0,15.0
284,Montana,P20002671,Johnson; Gary,14165,3.0,35.0,0.0,0.0,0.0,0.0,1.0,1.0
285,Montana,P20004263,"""""""Anderson; Ross C. """"""""Rocky""""""""""""""",59,3.0,35.0,0.0,0.0,0.0,0.0,0.0,0.0
286,Montana,P20004685,Goode; Virgil,39,3.0,35.0,0.0,0.0,0.0,0.0,0.0,0.0
287,Montana,P20002804,Barr; Roseanne,6,3.0,35.0,0.0,0.0,0.0,0.0,0.0,0.0
288,Montana,P20005260,Hoefling; Tom,5,3.0,35.0,0.0,0.0,0.0,0.0,0.0,0.0
289,Montana,P20003968,Alexander; Stewart,4,3.0,35.0,0.0,0.0,0.0,0.0,0.0,0.0
290,Montana,P20002697,Barnett; Andre,2,3.0,35.0,0.0,0.0,0.0,0.0,0.0,0.0
291,Montana,n/a,Logsdon; Alexis,1,3.0,35.0,0.0,0.0,0.0,0.0,0.0,0.0
292,Nebraska,P80003353,Romney; Mitt,475064,5.0,63.0,5.0,4.0,3.0,63.0,39.0,38.0
293,Nebraska,P80003338,Obama; Barack,302081,5.0,63.0,0.0,1.0,2.0,0.0,23.0,24.0
294,Nebraska,P20002671,Johnson; Gary,11109,5.0,63.0,0.0,0.0,0.0,0.0,1.0,1.0
295,Nebraska,n/a,Scattered,3717,5.0,63.0,0.0,0.0,0.0,0.0,0.0,0.0
296,Nebraska,P20002424,Terry; Randall A.,2408,5.0,63.0,0.0,0.0,0.0,0.0,0.0,0.0
297,Nevada,P80003338,Obama; Barack,531373,6.0,92.0,6.0,4.0,3.0,92.0,49.0,48.0
298,Nevada,P80003353,Romney; Mitt,463567,6.0,92.0,0.0,2.0,3.0,0.0,41.0,42.0
299,Nevada,P20002671,Johnson; Gary,10968,6.0,92.0,0.0,0.0,0.0,0.0,1.0,1.0
300,Nevada,n/a,None of These Candidates,5770,6.0,92.0,0.0,0.0,0.0,0.0,1.0,1.0
301,Nevada,P20004685,Goode; Virgil,3240,6.0,92.0,0.0,0.0,0.0,0.0,0.0,0.0
302,New Hampshire,P80003338,Obama; Barack,369561,4.0,46.0,4.0,3.0,2.0,46.0,25.0,24.0
303,New Hampshire,P80003353,Romney; Mitt,329918,4.0,46.0,0.0,1.0,2.0,0.0,20.0,21.0
304,New Hampshire,P20002671,Johnson; Gary,8212,4.0,46.0,0.0,0.0,0.0,0.0,1.0,1.0
305,New Hampshire,P80000748,Paul; Ron,1374,4.0,46.0,0.0,0.0,0.0,0.0,0.0,0.0
306,New Hampshire,n/a,Scattered,875,4.0,46.0,0.0,0.0,0.0,0.0,0.0,0.0
307,New Hampshire,P20004685,Goode; Virgil,708,4.0,46.0,0.0,0.0,0.0,0.0,0.0,0.0
308,New Hampshire,P20003984,Stein; Jill,324,4.0,46.0,0.0,0.0,0.0,0.0,0.0,0.0
309,New Jersey,P80003338,Obama; Barack,2125101,14.0,295.0,14.0,9.0,8.0,295.0,173.0,172.0
310,New Jersey,P80003353,Romney; Mitt,1477568,14.0,295.0,0.0,5.0,6.0,0.0,119.0,120.0
311,New Jersey,P20002671,Johnson; Gary,21045,14.0,295.0,0.0,0.0,0.0,0.0,2.0,2.0
312,New Jersey,P20003984,Stein; Jill,9888,14.0,295.0,0.0,0.0,0.0,0.0,1.0,1.0
313,New Jersey,P20004685,Goode; Virgil,2064,14.0,295.0,0.0,0.0,0.0,0.0,0.0,0.0
314,New Jersey,P20004263,"""""""Anderson; Ross C. """"""""Rocky)""""""",1724,14.0,295.0,0.0,0.0,0.0,0.0,0.0,0.0
315,New Jersey,P80005077,Boss; Jeff,1007,14.0,295.0,0.0,0.0,0.0,0.0,0.0,0.0
316,New Jersey,P60004454,Harris; James,710,14.0,295.0,0.0,0.0,0.0,0.0,0.0,0.0
317,New Jersey,P20004693,Miller; Merlin,664,14.0,295.0,0.0,0.0,0.0,0.0,0.0,0.0
318,New Jersey,P20004636,Lindsay; Peta,521,14.0,295.0,0.0,0.0,0.0,0.0,0.0,0.0
319,New Mexico,P80003338,Obama; Barack,415335,5.0,70.0,5.0,4.0,3.0,70.0,38.0,37.0
320,New Mexico,P80003353,Romney; Mitt,335788,5.0,70.0,0.0,1.0,2.0,0.0,29.0,30.0
321,New Mexico,P20002671,Johnson; Gary,27788,5.0,70.0,0.0,0.0,0.0,0.0,3.0,3.0
322,New Mexico,P20003984,Stein; Jill,2691,5.0,70.0,0.0,0.0,0.0,0.0,0.0,0.0
323,New Mexico,P20004263,"""""""Anderson; Ross C. """"""""Rocky""""""""""""""",1174,5.0,70.0,0.0,0.0,0.0,0.0,0.0,0.0
324,New Mexico,P20004685,Goode; Virgil,982,5.0,70.0,0.0,0.0,0.0,0.0,0.0,0.0
325,New York,P80003338,Obama; Barack,4485741,29.0,649.0,29.0,19.0,19.0,649.0,412.0,411.0
326,New York,P80003353,Romney; Mitt,2490431,29.0,649.0,0.0,10.0,10.0,0.0,227.0,228.0
327,New York,P20002671,Johnson; Gary,47256,29.0,649.0,0.0,0.0,0.0,0.0,4.0,4.0
328,New York,P20003984,Stein; Jill,39982,29.0,649.0,0.0,0.0,0.0,0.0,4.0,4.0
329,New York,n/a,Scattered,9076,29.0,649.0,0.0,0.0,0.0,0.0,1.0,1.0
330,New York,P20004685,Goode; Virgil,6274,29.0,649.0,0.0,0.0,0.0,0.0,1.0,1.0
331,New York,P20004636,Lindsay; Peta,2050,29.0,649.0,0.0,0.0,0.0,0.0,0.0,0.0
332,New York,P20004263,Anderson; Ross C.,217,29.0,649.0,0.0,0.0,0.0,0.0,0.0,0.0
333,New York,P20004651,Durham; Stephen,34,29.0,649.0,0.0,0.0,0.0,0.0,0.0,0.0
334,New York,P20005260,Hoefling; Tom,34,29.0,649.0,0.0,0.0,0.0,0.0,0.0,0.0
335,New York,P60004454,Harris; James,27,29.0,649.0,0.0,0.0,0.0,0.0,0.0,0.0
336,New York,P20004677,White; Jerry,19,29.0,649.0,0.0,0.0,0.0,0.0,0.0,0.0
337,New York,P20003208,Reed; Jill,12,29.0,649.0,0.0,0.0,0.0,0.0,0.0,0.0
338,New York,P20004693,Miller; Merlin,6,29.0,649.0,0.0,0.0,0.0,0.0,0.0,0.0
339,North Carolina,P80003353,Romney; Mitt,2270395,15.0,320.0,15.0,9.0,8.0,320.0,162.0,161.0
340,North Carolina,P80003338,Obama; Barack,2178391,15.0,320.0,0.0,6.0,7.0,0.0,154.0,155.0
341,North Carolina,P20002671,Johnson; Gary,44515,15.0,320.0,0.0,0.0,0.0,0.0,3.0,3.0
342,North Carolina,n/a,Scattered,11537,15.0,320.0,0.0,0.0,0.0,0.0,1.0,1.0
343,North Carolina,P20004685,Goode; Virgil,534,15.0,320.0,0.0,0.0,0.0,0.0,0.0,0.0
344,North Dakota,P80003353,Romney; Mitt,188163,3.0,24.0,3.0,3.0,2.0,24.0,15.0,14.0
345,North Dakota,P80003338,Obama; Barack,124827,3.0,24.0,0.0,0.0,1.0,0.0,9.0,9.0
346,North Dakota,P20002671,Johnson; Gary,5231,3.0,24.0,0.0,0.0,0.0,0.0,0.0,1.0
347,North Dakota,n/a,Scattered,1860,3.0,24.0,0.0,0.0,0.0,0.0,0.0,0.0
348,North Dakota,P20003984,Stein; Jill,1361,3.0,24.0,0.0,0.0,0.0,0.0,0.0,0.0
349,North Dakota,P20004685,Goode; Virgil,1185,3.0,24.0,0.0,0.0,0.0,0.0,0.0,0.0
350,Ohio,P80003338,Obama; Barack,2827709,18.0,387.0,18.0,10.0,9.0,387.0,197.0,196.0
351,Ohio,P80003353,Romney; Mitt,2661437,18.0,387.0,0.0,8.0,9.0,0.0,184.0,185.0
352,Ohio,P20002671,Johnson; Gary,49493,18.0,387.0,0.0,0.0,0.0,0.0,3.0,3.0
353,Ohio,P20003984,Stein; Jill,18573,18.0,387.0,0.0,0.0,0.0,0.0,1.0,1.0
354,Ohio,P20005252,Duncan; Richard,12502,18.0,387.0,0.0,0.0,0.0,0.0,1.0,1.0
355,Ohio,P20004685,Goode; Virgil,8152,18.0,387.0,0.0,0.0,0.0,0.0,1.0,1.0
356,Ohio,P20003968,Alexander; Stewart,2944,18.0,387.0,0.0,0.0,0.0,0.0,0.0,0.0
357,Ohio,P20003208,Reed; Jill,14,18.0,387.0,0.0,0.0,0.0,0.0,0.0,0.0
358,Ohio,n/a,Vargo; Mike,13,18.0,387.0,0.0,0.0,0.0,0.0,0.0,0.0
359,Ohio,P20002424,Terry; Randall,9,18.0,387.0,0.0,0.0,0.0,0.0,0.0,0.0
360,Ohio,n/a,Daniels; Susan,1,18.0,387.0,0.0,0.0,0.0,0.0,0.0,0.0
361,Ohio,n/a,Keyton; Nelson,0,18.0,387.0,0.0,0.0,0.0,0.0,0.0,0.0
362,Oklahoma,P80003353,Romney; Mitt,891325,7.0,127.0,7.0,5.0,5.0,127.0,85.0,85.0
363,Oklahoma,P80003338,Obama; Barack,443547,7.0,127.0,0.0,2.0,2.0,0.0,42.0,42.0
364,Oregon,P80003338,Obama; Barack,970488,7.0,130.0,7.0,5.0,4.0,130.0,72.0,71.0
365,Oregon,P80003353,Romney; Mitt,754175,7.0,130.0,0.0,2.0,3.0,0.0,54.0,55.0
366,Oregon,P20002671,Johnson; Gary,24089,7.0,130.0,0.0,0.0,0.0,0.0,2.0,2.0
367,Oregon,P20003984,Stein; Jill,19427,7.0,130.0,0.0,0.0,0.0,0.0,1.0,1.0
368,Oregon,n/a,Miscellaneous,13275,7.0,130.0,0.0,0.0,0.0,0.0,1.0,1.0
369,Oregon,P20005245,Christensen; Will,4432,7.0,130.0,0.0,0.0,0.0,0.0,0.0,0.0
370,Oregon,P20004263,"""""""Anderson; Ross C. """"""""Rocky)""""""",3384,7.0,130.0,0.0,0.0,0.0,0.0,0.0,0.0
371,Pennsylvania,P80003338,Obama; Barack,2990274,20.0,426.0,20.0,11.0,11.0,426.0,222.0,221.0
372,Pennsylvania,P80003353,Romney; Mitt,2680434,20.0,426.0,0.0,9.0,9.0,0.0,197.0,198.0
373,Pennsylvania,P20002671,Johnson; Gary,49991,20.0,426.0,0.0,0.0,0.0,0.0,4.0,4.0
374,Pennsylvania,P20003984,Stein; Jill,21341,20.0,426.0,0.0,0.0,0.0,0.0,2.0,2.0
375,Pennsylvania,n/a,Scattered,11219,20.0,426.0,0.0,0.0,0.0,0.0,1.0,1.0
376,Pennsylvania,P20004685,Goode; Virgil,383,20.0,426.0,0.0,0.0,0.0,0.0,0.0,0.0
377,Pennsylvania,P20005260,Hoefling; Tom,28,20.0,426.0,0.0,0.0,0.0,0.0,0.0,0.0
378,Rhode Island,P80003338,Obama; Barack,279677,4.0,37.0,4.0,3.0,3.0,37.0,24.0,23.0
379,Rhode Island,P80003353,Romney; Mitt,157204,4.0,37.0,0.0,1.0,1.0,0.0,12.0,13.0
380,Rhode Island,P20002671,Johnson; Gary,4388,4.0,37.0,0.0,0.0,0.0,0.0,1.0,1.0
381,Rhode Island,P20003984,Stein; Jill,2421,4.0,37.0,0.0,0.0,0.0,0.0,0.0,0.0
382,Rhode Island,n/a,Scattered,686,4.0,37.0,0.0,0.0,0.0,0.0,0.0,0.0
383,Rhode Island,P80000748,Paul; Ron,617,4.0,37.0,0.0,0.0,0.0,0.0,0.0,0.0
384,Rhode Island,P20004685,Goode; Virgil,430,4.0,37.0,0.0,0.0,0.0,0.0,0.0,0.0
385,Rhode Island,P20004263,"""""""Anderson; Ross C. """"""""Rocky""""""""""""""",416,4.0,37.0,0.0,0.0,0.0,0.0,0.0,0.0
386,Rhode Island,P20004636,Lindsay; Peta,132,4.0,37.0,0.0,0.0,0.0,0.0,0.0,0.0
387,Rhode Island,P00003392,Clinton; Hillary,64,4.0,37.0,0.0,0.0,0.0,0.0,0.0,0.0
388,Rhode Island,n/a,Mouse; Mickey,14,4.0,37.0,0.0,0.0,0.0,0.0,0.0,0.0
389,South Carolina,P80003353,Romney; Mitt,1071645,9.0,156.0,9.0,6.0,5.0,156.0,86.0,85.0
390,South Carolina,P80003338,Obama; Barack,865941,9.0,156.0,0.0,3.0,4.0,0.0,68.0,69.0
391,South Carolina,P20002671,Johnson; Gary,16321,9.0,156.0,0.0,0.0,0.0,0.0,1.0,1.0
392,South Carolina,P20003984,Stein; Jill,5446,9.0,156.0,0.0,0.0,0.0,0.0,1.0,1.0
393,South Carolina,P20004685,Goode; Virgil,4765,9.0,156.0,0.0,0.0,0.0,0.0,0.0,0.0
394,South Dakota,P80003353,Romney; Mitt,210610,3.0,29.0,3.0,3.0,2.0,29.0,18.0,17.0
395,South Dakota,P80003338,Obama; Barack,145039,3.0,29.0,0.0,0.0,1.0,0.0,11.0,12.0
396,South Dakota,P20002671,Johnson; Gary,5795,3.0,29.0,0.0,0.0,0.0,0.0,0.0,0.0
397,South Dakota,P20004685,Goode; Virgil,2371,3.0,29.0,0.0,0.0,0.0,0.0,0.0,0.0
398,Tennessee,P80003353,Romney; Mitt,1462330,11.0,214.0,11.0,7.0,7.0,214.0,128.0,127.0
399,Tennessee,P80003338,Obama; Barack,960709,11.0,214.0,0.0,4.0,4.0,0.0,83.0,84.0
400,Tennessee,P20002671,Johnson; Gary,18623,11.0,214.0,0.0,0.0,0.0,0.0,2.0,2.0
401,Tennessee,P20003984,Stein; Jill,6515,11.0,214.0,0.0,0.0,0.0,0.0,1.0,1.0
402,Tennessee,P20004685,Goode; Virgil,6022,11.0,214.0,0.0,0.0,0.0,0.0,0.0,0.0
403,Tennessee,P20004263,"""""""Anderson; Ross C. """"""""Rocky""""""""""""""",2639,11.0,214.0,0.0,0.0,0.0,0.0,0.0,0.0
404,Tennessee,P20004693,Miller; Merlin,1739,11.0,214.0,0.0,0.0,0.0,0.0,0.0,0.0
405,Texas,P80003353,Romney; Mitt,4569843,38.0,844.0,38.0,23.0,22.0,844.0,483.0,483.0
406,Texas,P80003338,Obama; Barack,3308124,38.0,844.0,0.0,15.0,16.0,0.0,349.0,349.0
407,Texas,P20002671,Johnson; Gary,88580,38.0,844.0,0.0,0.0,0.0,0.0,9.0,9.0
408,Texas,P20003984,Stein; Jill,24657,38.0,844.0,0.0,0.0,0.0,0.0,3.0,3.0
409,Texas,P20004685,Goode; Virgil,1287,38.0,844.0,0.0,0.0,0.0,0.0,0.0,0.0
410,Texas,P20004263,Anderson; Rocky,426,38.0,844.0,0.0,0.0,0.0,0.0,0.0,0.0
411,Texas,P20005260,Hoefling; Tom,374,38.0,844.0,0.0,0.0,0.0,0.0,0.0,0.0
412,Texas,P20004479,Ayers; Avery,209,38.0,844.0,0.0,0.0,0.0,0.0,0.0,0.0
413,Texas,P20003968,Alexander; Stewart,162,38.0,844.0,0.0,0.0,0.0,0.0,0.0,0.0
414,Texas,n/a,Hill; Thaddaus,102,38.0,844.0,0.0,0.0,0.0,0.0,0.0,0.0
415,Texas,P20002697,Barnett; Andre N.,87,38.0,844.0,0.0,0.0,0.0,0.0,0.0,0.0
416,Utah,P80003353,Romney; Mitt,740600,6.0,94.0,6.0,5.0,4.0,94.0,69.0,69.0
417,Utah,P80003338,Obama; Barack,251813,6.0,94.0,0.0,1.0,2.0,0.0,23.0,23.0
418,Utah,P20002671,Johnson; Gary,12572,6.0,94.0,0.0,0.0,0.0,0.0,1.0,1.0
419,Utah,P20004263,"""""""Anderson; Ross C. """"""""Rocky""""""""""""""",5335,6.0,94.0,0.0,0.0,0.0,0.0,1.0,1.0
420,Utah,P20003984,Stein; Jill,3817,6.0,94.0,0.0,0.0,0.0,0.0,0.0,0.0
421,Utah,P20004685,Goode; Virgil,2871,6.0,94.0,0.0,0.0,0.0,0.0,0.0,0.0
422,Utah,P80005572,La Riva; Gloria,393,6.0,94.0,0.0,0.0,0.0,0.0,0.0,0.0
423,Utah,P20002804,Barr; Roseanne,18,6.0,94.0,0.0,0.0,0.0,0.0,0.0,0.0
424,Utah,P20003208,Reed; Jill,6,6.0,94.0,0.0,0.0,0.0,0.0,0.0,0.0
425,Utah,P20002697,Barnett; Andre,5,6.0,94.0,0.0,0.0,0.0,0.0,0.0,0.0
426,Utah,P20005245,Christensen; Will,5,6.0,94.0,0.0,0.0,0.0,0.0,0.0,0.0
427,Utah,n/a,Myers; Justin,2,6.0,94.0,0.0,0.0,0.0,0.0,0.0,0.0
428,Utah,P20004651,Durham; Stephen,1,6.0,94.0,0.0,0.0,0.0,0.0,0.0,0.0
429,Utah,P20002903,Hykes; Darrell,1,6.0,94.0,0.0,0.0,0.0,0.0,0.0,0.0
430,Utah,P20004172,Morstad; Dean,1,6.0,94.0,0.0,0.0,0.0,0.0,0.0,0.0
431,Vermont,P80003338,Obama; Barack,199239,3.0,23.0,3.0,3.0,2.0,23.0,16.0,16.0
432,Vermont,P80003353,Romney; Mitt,92698,3.0,23.0,0.0,0.0,1.0,0.0,7.0,7.0
433,Vermont,P20002671,Johnson; Gary,3487,3.0,23.0,0.0,0.0,0.0,0.0,0.0,0.0
434,Vermont,P20004263,"""""""Anderson; Ross C. """"""""Rocky""""""""""""""",1128,3.0,23.0,0.0,0.0,0.0,0.0,0.0,0.0
435,Vermont,P80000748,Paul; Ron,717,3.0,23.0,0.0,0.0,0.0,0.0,0.0,0.0
436,Vermont,n/a,Scattered,710,3.0,23.0,0.0,0.0,0.0,0.0,0.0,0.0
437,Vermont,P20004636,Lindsay; Peta,695,3.0,23.0,0.0,0.0,0.0,0.0,0.0,0.0
438,Vermont,P20003984,Stein; Jill,594,3.0,23.0,0.0,0.0,0.0,0.0,0.0,0.0
439,Vermont,P20004685,Goode; Virgil,13,3.0,23.0,0.0,0.0,0.0,0.0,0.0,0.0
440,Vermont,P20002804,Barr; Roseanne,9,3.0,23.0,0.0,0.0,0.0,0.0,0.0,0.0
441,Virginia,P80003338,Obama; Barack,1971820,13.0,269.0,13.0,8.0,7.0,269.0,139.0,138.0
442,Virginia,P80003353,Romney; Mitt,1822522,13.0,269.0,0.0,5.0,6.0,0.0,126.0,127.0
443,Virginia,P20002671,Johnson; Gary,31216,13.0,269.0,0.0,0.0,0.0,0.0,2.0,2.0
444,Virginia,P20004685,Goode; Virgil,13058,13.0,269.0,0.0,0.0,0.0,0.0,1.0,1.0
445,Virginia,P20003984,Stein; Jill,8627,13.0,269.0,0.0,0.0,0.0,0.0,1.0,1.0
446,Virginia,n/a,Scattered,7151,13.0,269.0,0.0,0.0,0.0,0.0,0.0,0.0
447,Virginia,P20004263,"""""""Anderson; Ross C. """"""""Rocky""""""""""""""",76,13.0,269.0,0.0,0.0,0.0,0.0,0.0,0.0
448,Virginia,P20003208,Reed; Jill,14,13.0,269.0,0.0,0.0,0.0,0.0,0.0,0.0
449,Virginia,n/a,Glean; Joseph A. / Darlene Herleikson,3,13.0,269.0,0.0,0.0,0.0,0.0,0.0,0.0
450,Virginia,n/a,Glean; Joseph A. / Jamie Johnson,1,13.0,269.0,0.0,0.0,0.0,0.0,0.0,0.0
451,Virginia,P20002630,"""""""Tittle; Sheila """"""""Samm""""""""""""""",1,13.0,269.0,0.0,0.0,0.0,0.0,0.0,0.0
452,Washington,P80003338,Obama; Barack,1755396,12.0,227.0,12.0,8.0,7.0,227.0,128.0,127.0
453,Washington,P80003353,Romney; Mitt,1290670,12.0,227.0,0.0,4.0,5.0,0.0,93.0,94.0
454,Washington,P20002671,Johnson; Gary,42202,12.0,227.0,0.0,0.0,0.0,0.0,3.0,3.0
455,Washington,P20003984,Stein; Jill,20928,12.0,227.0,0.0,0.0,0.0,0.0,2.0,2.0
456,Washington,P20004685,Goode; Virgil,8851,12.0,227.0,0.0,0.0,0.0,0.0,1.0,1.0
457,Washington,P20004263,"""""""Anderson; Ross C. """"""""Rocky""""""""""""""",4946,12.0,227.0,0.0,0.0,0.0,0.0,0.0,0.0
458,Washington,P20004636,Lindsay; Peta,1318,12.0,227.0,0.0,0.0,0.0,0.0,0.0,0.0
459,Washington,P60004454,Harris; James,1205,12.0,227.0,0.0,0.0,0.0,0.0,0.0,0.0
460,West Virginia,P80003353,Romney; Mitt,417655,5.0,63.0,5.0,4.0,3.0,63.0,40.0,39.0
461,West Virginia,P80003338,Obama; Barack,238269,5.0,63.0,0.0,1.0,2.0,0.0,22.0,22.0
462,West Virginia,P20002671,Johnson; Gary,6302,5.0,63.0,0.0,0.0,0.0,0.0,1.0,1.0
463,West Virginia,P20003984,Stein; Jill,4406,5.0,63.0,0.0,0.0,0.0,0.0,0.0,1.0
464,West Virginia,P20002424,Terry; Randall,3806,5.0,63.0,0.0,0.0,0.0,0.0,0.0,0.0
465,Wisconsin,P80003338,Obama; Barack,1620985,10.0,191.0,10.0,6.0,5.0,191.0,102.0,101.0
466,Wisconsin,P80003353,Romney; Mitt,1407966,10.0,191.0,0.0,4.0,5.0,0.0,87.0,88.0
467,Wisconsin,P20002671,Johnson; Gary,20439,10.0,191.0,0.0,0.0,0.0,0.0,1.0,1.0
468,Wisconsin,P20003984,Stein; Jill,7665,10.0,191.0,0.0,0.0,0.0,0.0,1.0,1.0
469,Wisconsin,n/a,Scattered,5170,10.0,191.0,0.0,0.0,0.0,0.0,0.0,0.0
470,Wisconsin,P20004685,Goode; Virgil,4930,10.0,191.0,0.0,0.0,0.0,0.0,0.0,0.0
471,Wisconsin,P20004677,White; Jerry,553,10.0,191.0,0.0,0.0,0.0,0.0,0.0,0.0
472,Wisconsin,P80005572,La Riva; Gloria,526,10.0,191.0,0.0,0.0,0.0,0.0,0.0,0.0
473,Wisconsin,P20004263,"""""""Anderson; Ross C. """"""""Rocky""""""""""""""",112,10.0,191.0,0.0,0.0,0.0,0.0,0.0,0.0
474,Wisconsin,P20002804,Barr; Roseanne,88,10.0,191.0,0.0,0.0,0.0,0.0,0.0,0.0
475,Wyoming,P80003353,Romney; Mitt,170962,3.0,20.0,3.0,3.0,2.0,20.0,14.0,14.0
476,Wyoming,P80003338,Obama; Barack,69286,3.0,20.0,0.0,0.0,1.0,0.0,5.0,6.0
477,Wyoming,P20002671,Johnson; Gary,5326,3.0,20.0,0.0,0.0,0.0,0.0,1.0,0.0
478,Wyoming,n/a,Scattered,2035,3.0,20.0,0.0,0.0,0.0,0.0,0.0,0.0
479,Wyoming,P20004685,Goode; Virgil H.,1452,3.0,20.0,0.0,0.0,0.0,0.0,0.0,0.0
